Workout Timestamp,Live/On-Demand,Instructor Name,Length (minutes),Fitness Discipline,Type,Title,Class Timestamp,Total Output,Avg. Watts,Avg. Resistance,Avg. Cadence (RPM),Avg. Speed (mph),Distance (mi),Calories Burned,Avg. Heartrate,Avg. Incline,Avg. Pace (min/mi)
2020-10-03 11:23 (EST),On Demand,Leanne Hainsby,20,Cycling,Beginner,20 min Beginner Ride,2020-09-10 01:00 (EST),115,96,38%,79,15.58,5.19,158,,,
2020-10-04 10:09 (EST),On Demand,Jess King,20,Cycling,Beginner,20 min Beginner Ride,2017-05-30 15:07 (EST),117,97,37%,82,15.71,5.23,160,,,
2020-10-04 10:32 (EST),On Demand,Leanne Hainsby,5,Stretching,Pre & Post-Ride Stretch,5 min Post-Ride Stretch,2020-09-19 10:45 (EST),,,,,,,15,,,
2020-10-05 09:31 (EST),On Demand,Matt Wilpers,5,Cycling,Beginner,5 min Intro to Peloton Part 1,2017-06-28 11:00 (EST),16,54,27%,74,11.49,0.96,22,,,
2020-10-05 09:38 (EST),On Demand,Matt Wilpers,5,Stretching,Pre & Post-Ride Stretch,5 min Post-Ride Stretch,2020-09-21 17:00 (EST),,,,,,,15,,,
2020-10-06 16:43 (EST),On Demand,Chelsea Jackson Roberts,5,Meditation,Emotions,5 min Acceptance Meditation,2020-10-06 10:00 (EST),,,,,,,,,,
2020-10-07 14:11 (EST),On Demand,Matt Wilpers,5,Cycling,Beginner,5 min Intro to Peloton Part 2,2017-06-28 11:00 (EST),25,85,35%,82,15.12,1.26,35,,,
2020-10-07 14:19 (EST),On Demand,Denis Morton,10,Cycling,Low Impact,10 min Warm Up Ride,2019-03-07 15:22 (EST),55,92,31%,102,15.49,2.58,76,,,
2020-10-07 14:31 (EST),On Demand,Jenn Sherman,5,Stretching,Pre & Post-Ride Stretch,5 min Post-Ride Stretch,2020-09-14 09:00 (EST),,,,,,,15,,,
2020-10-08 11:31 (EST),On Demand,Cody Rigsby,20,Cycling,Music,20 min Beginner Ride,2018-08-24 15:11 (EST),115,96,36%,85,15.74,5.24,160,,,
2020-10-08 11:55 (EST),On Demand,Hannah Corbin,10,Stretching,Full Body Stretch,10 min Full Body Stretch,2018-11-29 13:30 (EST),,,,,,,33,,,
2020-10-09 17:49 (EST),On Demand,Christine D'Ercole,30,Cycling,Low Impact,30 min Low Impact Ride,2019-03-11 11:18 (EST),155,86,34%,85,15.09,7.54,215,,,
2020-10-09 18:24 (EST),On Demand,Jess Sims,5,Stretching,Pre & Post-Ride Stretch,5 min Post-Ride Stretch,2020-09-16 17:31 (EST),,,,,,,16,,,
2020-10-09 18:34 (EST),On Demand,Alex Toussaint,10,Strength,Arms & Light Weights,10 min Arms Toning,2019-02-13 17:02 (EST),,,,,,,65,,,
2020-10-10 11:20 (EST),On Demand,Alex Toussaint,10,Strength,Arms & Light Weights,10 min Arms Toning,2019-02-13 17:02 (EST),,,,,,,65,,,
2020-10-11 11:00 (EST),On Demand,Ally Love,30,Cycling,Music,30 min Pop Ride,2019-10-03 11:18 (EST),172,96,39%,78,15.77,7.88,240,,,
2020-10-11 11:34 (EST),On Demand,Hannah Corbin,10,Stretching,Full Body Stretch,10 min Smokey Robinson Post-Ride Stretch,2020-02-16 11:00 (EST),,,,,,,33,,,
2020-10-11 11:49 (EST),On Demand,Ross Rayburn,5,Meditation,Emotions,5 min Energizing Meditation,2020-10-05 10:00 (EST),,,,,,,,,,
2020-10-12 11:58 (EST),On Demand,Alex Toussaint,5,Cycling,Theme,5 min Peloton All-Star Warm Up Ride,2020-05-30 12:20 (EST),35,117,42%,77,17.12,1.43,49,,,
2020-10-12 12:05 (EST),On Demand,Alex Toussaint,20,Cycling,Beginner,20 min Beginner Ride,2019-12-07 10:00 (EST),103,86,35%,83,14.86,4.95,144,,,
2020-10-12 12:27 (EST),On Demand,Alex Toussaint,5,Stretching,Pre & Post-Ride Stretch,5 min Post-Ride Stretch,2020-06-22 10:00 (EST),,,,,,,16,,,
2020-10-13 19:49 (EST),On Demand,Matt Wilpers,15,Cycling,Music,15 min EDM/Electronic Dance Ride,2020-06-10 18:34 (EST),92,102,37%,85,16.09,4.02,128,,,
2020-10-13 20:06 (EST),On Demand,Matt Wilpers,5,Stretching,Pre & Post-Ride Stretch,5 min Post-Ride Stretch,2020-09-21 17:00 (EST),,,,,,,16,,,
2020-10-13 20:15 (EST),Live,Cody Rigsby,10,Strength,Arms & Light Weights,10 min Arms Toning,2020-10-13 20:05 (EST),,,,,,,65,,,
2020-10-14 19:30 (EST),Live,Robin Arzon,30,Cycling,Music,30 min Hamilton Ride,2020-10-14 19:24 (EST),146,85,37%,78,14.95,7.08,203,,,
2020-10-14 20:02 (EST),On Demand,Sam Yo,5,Stretching,Pre & Post-Ride Stretch,5 min Post-Ride Stretch,2020-08-23 10:35 (EST),,,,,,,16,,,
2020-10-14 20:10 (EST),On Demand,Alex Toussaint,10,Strength,Arms & Light Weights,10 min Arms Toning,2020-08-07 09:00 (EST),,,,,,,65,,,
2020-10-14 22:43 (EST),On Demand,Anna Greenberg,5,Meditation,Relax & Sleep,5 min Sleep Meditation,2020-10-14 10:00 (EST),,,,,,,,,,
2020-10-15 08:37 (EST),On Demand,Matty Maggiacomo,5,Stretching,Upper Body Stretch,5 min Arms & Shoulders Stretch,2019-12-20 10:32 (EST),,,,,,,16,,,
2020-10-15 20:46 (EST),On Demand,Aditi Shah,10,Meditation,Audio Only,10 min Sleep Meditation,2020-10-13 11:00 (EST),,,,,,,,,,
2020-10-16 09:29 (EST),On Demand,Aditi Shah,5,Meditation,Emotions,5 min Meditation for Healing,2020-01-07 10:53 (EST),,,,,,,,,,
2020-10-17 15:41 (EST),On Demand,Ally Love,15,Cycling,Theme,15 min Feel Good Ride,2020-08-21 20:08 (EST),94,104,39%,81,16.31,4.07,131,,,
2020-10-17 15:58 (EST),On Demand,Ally Love,5,Stretching,Pre & Post-Ride Stretch,5 min Post-Ride Stretch,2020-07-17 09:00 (EST),,,,,,,16,,,
2020-10-18 14:25 (EST),On Demand,Adrian Williams,10,Walking,Warm Up/Cool Down,10 min Cool Down Walk,2020-10-18 10:00 (EST),,,,,,,52,,,
2020-10-18 14:38 (EST),On Demand,Becs Gentry,10,Walking,Warm Up/Cool Down,10 min Cool Down Walk,2019-10-04 09:14 (EST),,,,,,,52,,,
2020-10-19 22:52 (EST),On Demand,Ally Love,10,Cycling,Theme,10 min All for One More Warm Up Ride,2020-07-03 12:48 (EST),62,104,40%,78,16.34,2.72,87,,,
2020-10-19 23:05 (EST),On Demand,Tunde Oyeneyin,5,Stretching,Pre & Post-Ride Stretch,5 min Post-Ride Stretch,2020-10-19 08:30 (EST),,,,,,,16,,,
2020-10-19 23:43 (EST),On Demand,Ross Rayburn,15,Meditation,Relax & Sleep,15 min Sleep Meditation,2020-10-19 10:00 (EST),,,,,,,,,,
2020-10-20 07:35 (EST),On Demand,Emma Lovewell,10,Cycling,Theme,10 min AHM: Classical Cool Down Ride,2020-05-26 10:00 (EST),41,69,33%,81,13.85,2.31,58,,,
2020-10-21 13:58 (EST),On Demand,Emma Lovewell,20,Cycling,Theme,20 min BHM: Listening Party,2020-02-07 00:00 (EST),125,104,40%,78,16.29,5.43,174,,,
2020-10-21 14:20 (EST),On Demand,Emma Lovewell,5,Stretching,Pre & Post-Ride Stretch,5 min Post-Ride Stretch,2020-10-14 09:00 (EST),,,,,,,16,,,
2020-10-22 11:41 (EST),On Demand,Alex Toussaint,20,Cycling,Theme,20 min Peloton All-Star Ride,2020-05-30 12:35 (EST),144,120,47%,69,17.38,5.79,201,,,
2020-10-22 12:01 (EST),On Demand,Alex Toussaint,5,Cycling,Theme,5 min Peloton All-Star Cool Down Ride,2020-05-30 13:00 (EST),21,71,38%,65,13.80,1.15,30,,,
2020-10-22 12:09 (EST),On Demand,Alex Toussaint,5,Stretching,Pre & Post-Ride Stretch,5 min Post-Ride Stretch,2019-04-10 15:40 (EST),,,,,,,16,,,
2020-10-23 11:57 (EST),On Demand,Denis Morton,20,Cycling,Theme,20 min WHM Celebration Ride,2020-03-03 10:19 (EST),120,100,39%,79,15.95,5.32,168,,,
2020-10-23 12:21 (EST),On Demand,Ally Love,10,Strength,Arms & Light Weights,10 min Arms Toning,2020-10-11 12:32 (EST),,,,,,,65,,,
2020-10-23 12:33 (EST),On Demand,Tunde Oyeneyin,5,Stretching,Pre & Post-Ride Stretch,5 min Post-Ride Stretch,2020-08-14 09:00 (EST),,,,,,,16,,,
2020-10-24 21:51 (EST),On Demand,Anna Greenberg,5,Meditation,Audio Only,5 min Body Scan Meditation,2020-10-13 11:00 (EST),,,,,,,,,,
2020-10-25 12:00 (EST),Live,Ally Love,30,Cycling,Theme,30 min Sundays with Love,2020-10-25 11:50 (EST),192,107,44%,70,16.44,8.22,268,,,
2020-10-25 12:33 (EST),On Demand,Ally Love,5,Stretching,Pre & Post-Ride Stretch,5 min Post-Ride Stretch,2020-07-17 09:00 (EST),,,,,,,16,,,
2020-10-26 13:29 (EST),On Demand,Erik Jager,20,Cycling,Theme,20 min Pride Ride,2020-06-13 06:00 (EST),128,107,41%,75,16.51,5.50,179,,,
2020-10-26 13:52 (EST),On Demand,Alex Toussaint,10,Strength,Arms & Light Weights,10 min Arms Toning,2019-12-20 08:00 (EST),,,,,,,65,,,
2020-10-26 14:03 (EST),On Demand,Alex Toussaint,5,Stretching,Pre & Post-Ride Stretch,5 min Post-Ride Stretch,2019-09-19 16:00 (EST),,,,,,,16,,,
2020-10-27 10:33 (EST),On Demand,Ben Alldis,20,Cycling,Climb,20 min Climb Ride,2020-03-03 03:00 (EST),151,125,47%,70,17.55,5.85,210,,,
2020-10-27 10:55 (EST),On Demand,Ben Alldis,5,Stretching,Pre & Post-Ride Stretch,5 min Post-Ride Stretch,2020-03-03 08:45 (EST),,,,,,,16,,,
2020-10-28 09:53 (EST),On Demand,Denis Morton,20,Cycling,Theme,20 min LHM: Fresh Friday Ride,2020-10-02 07:00 (EST),93,78,37%,74,14.42,4.80,130,,,
2020-10-28 19:30 (EST),Live,Cody Rigsby,30,Cycling,Music,30 min Kim Petras Ride,2020-10-28 19:19 (EST),204,113,42%,77,16.85,8.42,284,,,
2020-10-28 20:03 (EST),On Demand,Cody Rigsby,5,Cycling,Low Impact,5 min Cool Down Ride,2020-08-31 09:00 (EST),19,62,38%,60,12.75,1.06,26,,,
2020-10-28 20:08 (EST),On Demand,Cody Rigsby,5,Stretching,Pre & Post-Ride Stretch,5 min Post-Ride Stretch,2020-10-26 08:30 (EST),,,,,,,16,,,
2020-10-29 20:00 (EST),Live,Jess King,30,Cycling,Theme,30 min The Jess King Experience,2020-10-29 19:53 (EST),208,116,43%,77,17.05,8.52,290,,,
2020-10-29 20:33 (EST),On Demand,Jess King,5,Cycling,Low Impact,5 min Cool Down Ride,2020-08-21 09:00 (EST),17,57,33%,68,12.35,1.03,24,,,
2020-10-29 20:38 (EST),On Demand,Jess King,5,Stretching,Pre & Post-Ride Stretch,5 min Post-Ride Stretch,2020-06-22 10:00 (EST),,,,,,,16,,,
2020-10-30 10:30 (EST),Live,Leanne Hainsby,30,Cycling,Theme,30 min Club Classical Ride,2020-10-30 10:20 (EST),214,119,44%,73,17.19,8.58,298,,,
2020-10-30 11:01 (EST),On Demand,Leanne Hainsby,10,Cycling,Low Impact,10 min Cool Down Ride,2020-10-20 03:00 (EST),32,54,36%,60,12.22,2.04,45,,,
2020-10-31 10:09 (EST),On Demand,Denis Morton,10,Cycling,Low Impact,10 min Low Impact Ride,2020-10-13 08:05 (EST),47,78,34%,82,14.39,2.40,65,,,
2020-10-31 10:22 (EST),On Demand,Denis Morton,10,Strength,Arms & Light Weights,10 min Arms Toning,2020-07-27 20:05 (EST),,,,,,,65,,,
2020-10-31 14:46 (EST),On Demand,,60,Cycling,Scenic Ride,55 min Acadia Scenic Ride,,300,94,39%,76,15.63,13.84,418,,,
2020-10-31 15:41 (EST),On Demand,Ben Alldis,5,Stretching,Pre & Post-Ride Stretch,5 min Post-Ride Stretch,2020-11-15 11:35 (EST),,,,,,,16,,,
2020-11-01 21:20 (EST),On Demand,Ross Rayburn,5,Meditation,Relax & Sleep,5 min Calming Meditation,2020-02-10 16:50 (EST),,,,,,,,,,
2020-11-02 10:09 (EST),On Demand,Cody Rigsby,20,Cycling,Theme,20 min Go Canada! Ride,2020-06-29 17:00 (EST),137,114,40%,81,16.74,5.58,191,,,
2020-11-02 10:31 (EST),On Demand,Alex Toussaint,5,Cycling,Low Impact,5 min Cool Down Ride,2020-09-17 09:00 (EST),21,72,38%,66,13.98,1.16,30,,,
2020-11-02 10:37 (EST),On Demand,Alex Toussaint,10,Strength,Arms & Light Weights,10 min Arms Toning,2019-10-03 15:48 (EST),,,,,,,65,,,
2020-11-02 10:48 (EST),On Demand,Alex Toussaint,5,Stretching,Pre & Post-Ride Stretch,5 min Post-Ride Stretch,2020-10-28 09:00 (EST),,,,,,,16,,,
2020-11-03 14:17 (EST),On Demand,Cody Rigsby,30,Cycling,Music,30 min Britney Spears Ride,2020-07-15 19:19 (EST),225,125,45%,76,17.50,8.75,314,,,
2020-11-03 14:51 (EST),On Demand,Matt Wilpers,5,Cycling,Low Impact,5 min Cool Down Ride,2020-11-02 08:30 (EST),15,50,27%,85,11.86,0.98,21,,,
2020-11-03 14:57 (EST),On Demand,Matt Wilpers,5,Stretching,Pre & Post-Ride Stretch,5 min Post-Ride Stretch,2020-09-21 17:00 (EST),,,,,,,16,,,
2020-11-04 11:17 (EST),On Demand,Hannah Frankson,30,Cycling,Music,30 min Emeli Sande Ride,2020-10-27 13:20 (EST),197,110,42%,76,16.54,8.27,275,,,
2020-11-04 11:48 (EST),On Demand,Kendall Toole,5,Stretching,Pre & Post-Ride Stretch,5 min Post-Ride Stretch,2020-10-25 14:00 (EST),,,,,,,16,,,
2020-11-05 10:31 (EST),On Demand,Emma Lovewell,20,Cycling,Beginner,20 min Beginner Ride,2019-01-06 18:00 (EST),138,115,41%,81,17.07,5.69,192,,,
2020-11-05 10:53 (EST),On Demand,Robin Arzon,10,Strength,Arms & Light Weights,10 min Arms Toning,2018-06-21 17:04 (EST),,,,,,,65,,,
2020-11-06 16:15 (EST),Live,Cody Rigsby,30,Cycling,Intervals,30 min Intervals & Arms Ride,2020-11-05 07:25 (EST),236,131,45%,74,17.68,8.84,329,,,
2020-11-06 16:45 (EST),On Demand,Tunde Oyeneyin,5,Cycling,Low Impact,5 min Cool Down Ride,2020-10-12 08:30 (EST),11,36,26%,71,9.97,0.83,15,,,
2020-11-06 16:52 (EST),On Demand,Ben Alldis,5,Stretching,Pre & Post-Ride Stretch,5 min Post-Ride Stretch,2020-07-19 04:45 (EST),,,,,,,16,,,
2020-11-07 12:40 (EST),On Demand,Cody Rigsby,30,Cycling,Bike Bootcamp,30 min Bike Bootcamp: Full Body,2020-10-14 09:00 (EST),138,142,49%,71,18.13,4.83,256,,,
2020-11-07 13:12 (EST),On Demand,Cody Rigsby,5,Stretching,Pre & Post-Ride Stretch,5 min Post-Ride Stretch,2020-10-26 08:30 (EST),,,,,,,16,,,
2020-11-08 22:02 (EST),On Demand,Ross Rayburn,5,Meditation,Relax & Sleep,5 min Intro to Sleep Meditation,2020-02-19 08:50 (EST),,,,,,,,,,
2020-11-08 22:26 (EST),On Demand,Aditi Shah,5,Meditation,Relax & Sleep,5 min Sleep Meditation,2020-02-19 08:55 (EST),,,,,,,,,,
2020-11-09 19:31 (EST),Live,Alex & Tunde  ,30,Cycling,Music,30 min Beyonce Two for One Ride,2020-11-09 19:23 (EST),246,136,48%,70,18.14,9.14,343,,,
2020-11-09 20:04 (EST),On Demand,Alex Toussaint,5,Stretching,Pre & Post-Ride Stretch,5 min Post-Ride Stretch,2020-10-28 09:00 (EST),,,,,,,16,,,
2020-11-10 15:24 (EST),On Demand,Jess King,15,Cycling,Music,15 min EDM/Electronic Dance Ride,2019-08-12 15:00 (EST),135,150,49%,74,18.73,4.68,188,,,
2020-11-10 15:40 (EST),On Demand,Jess King,5,Stretching,Pre & Post-Ride Stretch,5 min Post-Ride Stretch,2020-11-05 09:00 (EST),,,,,,,16,,,
2020-11-11 12:51 (EST),On Demand,Jenn Sherman,30,Cycling,Low Impact,30 min Low Impact Ride,2019-01-22 13:21 (EST),209,116,41%,80,17.03,8.51,291,,,
2020-11-11 13:21 (EST),On Demand,Jenn Sherman,5,Stretching,Pre & Post-Ride Stretch,5 min Post-Ride Stretch,2020-09-14 09:00 (EST),,,,,,,16,,,
2020-11-12 12:28 (EST),On Demand,Matt Wilpers,30,Cycling,Music,30 min The Chainsmokers Ride,2019-08-29 12:18 (EST),221,123,43%,78,17.38,8.69,308,,,
2020-11-12 12:59 (EST),On Demand,Matt Wilpers,5,Stretching,Pre & Post-Ride Stretch,5 min Post-Ride Stretch,2020-09-21 17:00 (EST),,,,,,,16,,,
2020-11-13 11:30 (EST),Live,Olivia Amato,30,Cycling,Music,30 min EDM Ride,2020-11-13 11:22 (EST),253,141,47%,74,18.36,9.18,353,,,
2020-11-13 12:03 (EST),On Demand,Emma Lovewell,5,Cycling,Low Impact,5 min Prince Cool Down Ride,2020-08-12 17:05 (EST),18,61,35%,68,12.93,1.07,25,,,
2020-11-13 12:09 (EST),On Demand,Olivia Amato,5,Stretching,Pre & Post-Ride Stretch,5 min Post-Ride Stretch,2020-06-17 10:00 (EST),,,,,,,16,,,
2020-11-14 22:05 (EST),On Demand,Aditi Shah,5,Meditation,Fitness Focus,5 min Peak Performance Meditation,2020-11-13 10:00 (EST),,,,,,,,,,
2020-11-15 22:38 (EST),On Demand,Chelsea Jackson Roberts,10,Meditation,Mindfulness,10 min Beyonce Meditation,2020-11-11 19:00 (EST),,,,,,,,,,
2020-11-16 21:13 (EST),On Demand,Cody Rigsby,5,Meditation,Emotions,5 min Gratitude Meditation,2020-07-20 11:00 (EST),,,,,,,,,,
2020-11-17 19:34 (EST),On Demand,Alex Toussaint,20,Cycling,Music,20 min Spotlight on 6 Ride: Cam Newton,2019-07-23 11:30 (EST),157,131,43%,81,17.80,5.93,312,146.92,,
2020-11-17 19:55 (EST),On Demand,Olivia Amato,5,Cycling,Low Impact,5 min Cool Down Ride,2020-06-05 10:00 (EST),14,46,32%,64,11.50,0.95,62,135.35,,
2020-11-17 20:02 (EST),On Demand,Hannah Frankson,5,Stretching,Pre & Post-Ride Stretch,5 min Post-Ride Stretch,2020-07-23 04:25 (EST),,,,,,,56,127.24,,
2020-11-18 20:13 (EST),On Demand,Jess King,15,Cycling,Music,15 min Trap Music Ride,2019-11-03 08:00 (EST),126,140,45%,77,18.33,4.58,226,152.06,,
2020-11-18 20:30 (EST),On Demand,Alex Toussaint,10,Strength,Arms & Light Weights,10 min Arms Toning,2020-11-16 20:04 (EST),,,,,,,109,125.50,,
2020-11-18 20:42 (EST),On Demand,Ben Alldis,5,Stretching,Pre & Post-Ride Stretch,5 min Post-Ride Stretch,2020-11-15 11:35 (EST),,,,,,,49,119.03,,
2020-11-19 14:30 (EST),On Demand,Olivia Amato,30,Cycling,Music,30 min House Ride,2020-09-28 05:47 (EST),257,143,46%,77,18.49,9.25,528,168.02,,
2020-11-19 15:02 (EST),On Demand,Olivia Amato,10,Cycling,Low Impact,10 min Cool Down Ride,2020-09-28 06:32 (EST),52,87,38%,75,15.17,2.53,147,149.72,,
2020-11-19 15:13 (EST),On Demand,Alex Toussaint,5,Stretching,Pre & Post-Ride Stretch,5 min Post-Ride Stretch,2019-04-10 15:40 (EST),,,,,,,58,129.78,,
2020-11-20 12:05 (EST),Live,Olivia Amato,20,Cycling,Music,20 min House Ride,2020-11-20 11:59 (EST),177,148,45%,81,18.75,6.25,326,159.67,,
2020-11-20 12:28 (EST),On Demand,Olivia Amato,5,Stretching,Pre & Post-Ride Stretch,5 min Post-Ride Stretch,2020-02-22 15:27 (EST),,,,,,,53,123.44,,
2020-11-21 16:11 (EST),On Demand,Kendall Toole,10,Strength,Arms & Light Weights,10 min AHM: Bollywood Arms Toning,2020-05-26 10:00 (EST),,,,,,,89,112.22,,
2020-11-22 23:21 (EST),On Demand,Cody Rigsby,5,Meditation,Fitness Focus,5 min Level Up Meditation,2020-11-10 16:30 (EST),,,,,,,,,,
2020-11-23 12:31 (EST),Live,Chelsea Jackson Roberts,10,Meditation,Emotions,10 min Gratitude Meditation,2020-11-23 12:21 (EST),,,,,,,,,,
2020-11-23 14:37 (EST),On Demand,Matt Wilpers,30,Cycling,Beginner,30 min Advanced Beginner Ride,2019-07-26 10:19 (EST),223,124,45%,73,17.45,8.72,468,155.13,,
2020-11-23 15:09 (EST),On Demand,Matt Wilpers,5,Stretching,Pre & Post-Ride Stretch,5 min Post-Ride Stretch,2020-09-21 17:00 (EST),,,,,,,55,125.53,,
2020-11-24 12:31 (EST),Live,Anna Greenberg,10,Meditation,Emotions,10 min Gratitude Meditation,2020-11-24 12:22 (EST),,,,,,,,,,
2020-11-24 14:43 (EST),On Demand,Jess King,20,Cycling,Low Impact,20 min Low Impact Ride,2019-08-05 16:52 (EST),135,113,42%,77,16.90,5.63,254,136.76,,
2020-11-24 15:05 (EST),On Demand,Jess King,5,Stretching,Pre & Post-Ride Stretch,5 min Post-Ride Stretch,2020-11-05 09:00 (EST),,,,,,,46,113.29,,
2020-11-25 12:31 (EST),Live,Ross Rayburn,10,Meditation,Emotions,10 min Gratitude Meditation,2020-11-25 12:19 (EST),,,,,,,,,,
2020-11-26 11:00 (EST),Live,Robin Arzon,45,Cycling,Theme,45 min Turkey Burn Ride,2020-11-26 10:54 (EST),320,109,40%,78,16.26,12.72,690,155.54,,
2020-11-26 11:47 (EST),On Demand,Robin Arzon,5,Stretching,Pre & Post-Ride Stretch,5 min Post-Ride Stretch,2020-06-30 10:00 (EST),,,,,,,58,130.19,,
2020-11-27 16:38 (EST),On Demand,Olivia Amato,30,Cycling,Music,30 min Ellie Goulding Ride,2020-08-05 19:21 (EST),266,148,47%,76,18.70,9.35,507,163.45,,
2020-11-27 17:11 (EST),On Demand,Olivia Amato,5,Stretching,Pre & Post-Ride Stretch,5 min Post-Ride Stretch,2019-12-18 07:00 (EST),,,,,,,58,130.51,,
2020-11-28 16:38 (EST),On Demand,Aditi Shah,10,Meditation,Emotions,10 min Gratitude Meditation,2020-11-26 13:08 (EST),,,,,,,,,,
2020-11-29 22:45 (EST),On Demand,Kristin McGee,5,Meditation,Audio Only,5 min Gratitude Meditation,2020-11-24 11:00 (EST),,,,,,,,,,
2020-11-30 22:42 (EST),On Demand,Jess Sims,5,Stretching,Upper Body Stretch,5 min Upper Body Stretch,2020-11-04 10:00 (EST),,,,,,,16,,,
2020-12-01 18:28 (EST),On Demand,Olivia Amato,20,Cycling,Beginner,20 min Beginner Ride,2019-09-04 15:00 (EST),152,127,43%,77,17.55,5.84,283,146.07,,
2020-12-01 18:49 (EST),On Demand,Olivia Amato,5,Stretching,Pre & Post-Ride Stretch,5 min Post-Ride Stretch,2019-12-18 07:00 (EST),,,,,,,53,123.84,,
2020-12-02 11:54 (EST),On Demand,Olivia Amato,30,Cycling,Theme,30 min WHM Celebration Ride,2020-03-09 11:19 (EST),267,148,49%,72,18.62,9.30,526,167.63,,
2020-12-02 12:27 (EST),On Demand,Olivia Amato,5,Stretching,Pre & Post-Ride Stretch,5 min Post-Ride Stretch,2019-12-18 07:00 (EST),,,,,,,61,134.11,,
2020-12-03 17:56 (EST),On Demand,Emma Lovewell,20,Cycling,Theme,20 min AHM Celebration Ride,2020-05-27 18:34 (EST),179,149,47%,77,18.69,6.22,331,161.22,,
2020-12-03 18:18 (EST),On Demand,Emma Lovewell,5,Stretching,Pre & Post-Ride Stretch,5 min Post-Ride Stretch,2020-10-14 09:00 (EST),,,,,,,55,125.93,,
2020-12-04 18:11 (EST),On Demand,Cody Rigsby,10,Cycling,Low Impact,10 min Britney Spears Warm Up Ride,2020-07-15 16:15 (EST),76,127,40%,86,17.74,2.96,134,141.33,,
2020-12-04 18:22 (EST),On Demand,Cody Rigsby,10,Strength,Arms & Light Weights,10 min Britney Spears Arms Toning,2020-07-15 20:02 (EST),,,,,,,93,114.91,,
2020-12-04 18:33 (EST),On Demand,Cody Rigsby,5,Stretching,Pre & Post-Ride Stretch,5 min Post-Ride Stretch,2020-03-15 07:30 (EST),,,,,,,40,107.30,,
2020-12-05 15:20 (EST),On Demand,Olivia Amato,20,Cycling,Music,20 min Pop Ride,2020-11-20 11:23 (EST),181,151,47%,75,18.76,6.25,323,158.67,,
2020-12-05 15:42 (EST),On Demand,Olivia Amato,5,Stretching,Pre & Post-Ride Stretch,5 min Post-Ride Stretch,2019-12-18 07:00 (EST),,,,,,,56,127.20,,
2020-12-06 13:14 (EST),On Demand,Adrian Williams,30,Strength,Full Body,30 min Outkast Full Body Strength,2020-12-03 08:20 (EST),,,,,,,196,,,
2020-12-07 11:30 (EST),Live,Kendall Toole,20,Cycling,Theme,20 min Holiday Ride,2020-12-07 11:25 (EST),173,144,48%,72,18.50,6.16,297,150.50,,
2020-12-07 11:52 (EST),On Demand,Kendall Toole,5,Stretching,Pre & Post-Ride Stretch,5 min Post-Ride Stretch,2020-02-25 16:23 (EST),,,,,,,52,121.65,,
2020-12-08 17:17 (EST),On Demand,Olivia Amato,30,Cycling,Music,30 min EDM Ride,2020-07-17 11:21 (EST),268,149,46%,79,18.71,9.35,527,167.93,,
2020-12-08 17:49 (EST),On Demand,Olivia Amato,5,Cycling,Low Impact,5 min Cool Down Ride,2020-03-01 07:30 (EST),11,37,31%,59,10.19,0.85,62,134.98,,
2020-12-08 17:55 (EST),On Demand,Olivia Amato,5,Stretching,Pre & Post-Ride Stretch,5 min Post-Ride Stretch,2019-10-19 14:45 (EST),,,,,,,58,130.04,,
2020-12-08 18:46 (EST),Live,Anna Greenberg,10,Meditation,Zen in Ten,Zen in Ten,2020-12-08 18:36 (EST),,,,,,,,,,
2020-12-09 17:50 (EST),On Demand,Chelsea Jackson Roberts,5,Meditation,Fitness Focus,5 min Rest Day Meditation,2020-11-06 10:00 (EST),,,,,,,,,,
2020-12-10 18:58 (EST),On Demand,Olivia Amato,15,Cycling,Low Impact,15 min Low Impact Ride,2020-09-21 06:37 (EST),105,117,40%,82,17.13,4.28,198,140.04,,
2020-12-10 19:15 (EST),On Demand,Olivia Amato,10,Strength,Arms & Light Weights,10 min Arms Toning,2020-12-07 09:00 (EST),,,,,,,92,114.62,,
2020-12-10 19:27 (EST),On Demand,Olivia Amato,5,Stretching,Pre & Post-Ride Stretch,5 min Post-Ride Stretch,2019-07-08 13:27 (EST),,,,,,,43,110.53,,
2020-12-11 15:29 (EST),On Demand,Robin Arzon,30,Bike Bootcamp,Body Focus,30 min Bootcamp: Full Body,2020-09-15 09:15 (EST),127,,,,17.03,4.94,347,146.47,,
2020-12-11 16:00 (EST),On Demand,Robin Arzon,5,Stretching,Pre & Post-Ride Stretch,5 min Post-Ride Stretch,2020-01-10 15:33 (EST),,,,,,,50,118.98,,
2020-12-12 13:40 (EST),On Demand,Cody Rigsby,30,Bike Bootcamp,Body Focus,30 min Bootcamp: Full Body,2020-10-14 09:00 (EST),140,,,,18.43,4.77,420,146.30,,
2020-12-12 14:11 (EST),On Demand,Cody Rigsby,5,Stretching,Pre & Post-Ride Stretch,5 min Post-Ride Stretch,2020-07-08 09:00 (EST),,,,,,,52,121.69,,
2020-12-12 14:17 (EST),On Demand,Cody Rigsby,5,Meditation,Fitness Focus,5 min Post Ride Meditation,2020-11-10 16:30 (EST),,,,,,,42,109.59,,
2020-12-13 17:03 (EST),On Demand,Jess Sims,30,Bike Bootcamp,Bodyweight,30 min Bootcamp: Bodyweight,2020-09-15 09:00 (EST),149,,,,18.17,5.25,424,145.81,,
2020-12-13 17:36 (EST),On Demand,Jess Sims,10,Stretching,Full Body Stretch,10 min Full Body Stretch,2020-07-30 11:56 (EST),,,,,,,98,119.13,,
2020-12-14 14:38 (EST),On Demand,Olivia Amato,20,Cycling,Low Impact,20 min Low Impact Ride,2019-09-03 16:51 (EST),143,119,40%,83,17.22,5.73,272,142.47,,
2020-12-14 15:00 (EST),On Demand,Olivia Amato,5,Stretching,Pre & Post-Ride Stretch,5 min Post-Ride Stretch,2019-02-05 11:00 (EST),,,,,,,49,118.69,,
2020-12-15 11:47 (EST),On Demand,Olivia Amato,30,Cycling,Music,30 min House Ride,2020-10-16 17:24 (EST),277,154,48%,77,19.07,9.53,518,165.84,,
2020-12-15 12:19 (EST),On Demand,Olivia Amato,5,Stretching,Pre & Post-Ride Stretch,5 min Post-Ride Stretch,2019-04-22 14:28 (EST),,,,,,,55,126.60,,
2020-12-16 12:53 (EST),On Demand,Cody Rigsby,30,Bike Bootcamp,Body Focus,30 min Bootcamp: Core,2020-11-20 07:24 (EST),120,,,,17.53,4.27,341,128.17,,
2020-12-16 13:25 (EST),On Demand,Cody Rigsby,5,Stretching,Pre & Post-Ride Stretch,5 min Post-Ride Stretch,2019-10-01 07:00 (EST),,,,,,,46,113.96,,
2020-12-17 19:21 (EST),On Demand,Olivia Amato,15,Strength,Bodyweight,15 min Bodyweight Strength,2020-12-09 08:30 (EST),,,,,,,98,,,
2020-12-18 15:12 (EST),On Demand,Jess King,30,Cycling,Theme,30 min The Jess King Experience,2020-11-19 19:53 (EST),232,129,43%,79,17.73,8.86,431,147.29,,
2020-12-18 15:44 (EST),On Demand,Jess King,5,Stretching,Pre & Post-Ride Stretch,5 min Post-Ride Stretch,2019-04-23 15:35 (EST),,,,,,,49,118.41,,
2020-12-19 10:00 (EST),On Demand,Robin Arzon,30,Cycling,Theme,30 min PyeongChang Ride,2018-02-16 05:51 (EST),245,136,44%,80,18.06,9.03,487,159.27,,
2020-12-19 10:33 (EST),On Demand,Hannah Corbin,5,Stretching,Pre & Post-Ride Stretch,5 min Post-Ride Stretch,2020-12-11 09:00 (EST),,,,,,,54,124.50,,
2020-12-19 10:42 (EST),On Demand,Olivia Amato,10,Strength,Full Body,10 min 200k Strong Full Body Strength,2019-11-08 14:00 (EST),,,,,,,143,146.97,,
2020-12-20 12:44 (EST),On Demand,Ally Love,30,Cycling,Theme,30 min Sundays with Love: Live From Home,2020-06-21 12:54 (EST),254,140,46%,78,18.35,9.25,467,154.14,,
2020-12-20 13:16 (EST),On Demand,Ally Love,5,Cycling,Low Impact,5 min Cool Down Ride,2020-09-28 08:30 (EST),24,81,37%,75,14.83,1.24,63,136.55,,
2020-12-20 13:22 (EST),On Demand,Ally Love,5,Stretching,Pre & Post-Ride Stretch,5 min Post-Ride Stretch,2020-01-13 13:34 (EST),,,,,,,50,119.95,,
2020-12-21 07:48 (EST),On Demand,Ross Rayburn,5,Meditation,Audio Only,5 min Energizing Meditation,2020-11-24 11:00 (EST),,,,,,,,,,
2020-12-21 10:52 (EST),On Demand,Olivia Amato,20,Cycling,Music,20 min House Ride,2020-12-18 12:00 (EST),188,157,47%,81,19.21,6.40,361,171.02,,
2020-12-21 11:14 (EST),On Demand,Olivia Amato,5,Stretching,Pre & Post-Ride Stretch,5 min Post-Ride Stretch,2020-12-21 08:30 (EST),,,,,,,57,128.83,,
2020-12-21 11:23 (EST),On Demand,Emma Lovewell,10,Strength,Pilates,10 min Intro to Pilates,2020-12-16 09:00 (EST),,,,,,,93,114.67,,
2020-12-22 16:25 (EST),On Demand,Aditi Shah,15,Strength,Pilates,15 min Intro to Pilates,2020-12-16 09:00 (EST),,,,,,,98,,,
2020-12-22 16:59 (EST),On Demand,Olivia Amato,10,Strength,Full Body,10 min Full Body Strength,2018-10-30 10:52 (EST),,,,,,,65,,,
2020-12-23 10:24 (EST),On Demand,Hannah Corbin,20,Cycling,Music,20 min Latin Ride,2018-10-04 10:19 (EST),136,113,39%,84,16.89,5.62,269,141.52,,
2020-12-23 10:45 (EST),On Demand,Hannah Corbin,5,Stretching,Pre & Post-Ride Stretch,5 min Post-Ride Stretch,2020-05-31 10:00 (EST),,,,,,,44,111.66,,
2020-12-23 10:54 (EST),On Demand,Sam Yo,10,Strength,Pilates,10 min Intro to Pilates,2020-12-16 09:00 (EST),,,,,,,60,93.58,,
2020-12-24 14:45 (EST),On Demand,Multiple Instructors ,45,Cycling,Theme,45 min All For One Ride,2020-07-02 09:00 (EST),359,133,44%,81,17.92,13.44,695,154.20,,
2020-12-24 15:32 (EST),On Demand,Olivia Amato,5,Stretching,Pre & Post-Ride Stretch,5 min Post-Ride Stretch,2020-02-22 15:27 (EST),,,,,,,53,123.72,,
2020-12-25 12:36 (EST),On Demand,Olivia Amato,30,Cycling,Theme,30 min Holiday Ride,2019-12-13 11:19 (EST),279,155,47%,78,18.98,9.49,517,165.78,,
2020-12-25 13:07 (EST),On Demand,Olivia Amato,5,Cycling,Low Impact,5 min Cool Down Ride,2020-03-01 07:30 (EST),12,41,28%,70,10.67,0.89,64,137.85,,
2020-12-25 13:13 (EST),On Demand,Olivia Amato,5,Stretching,Pre & Post-Ride Stretch,5 min Post-Ride Stretch,2020-12-21 08:30 (EST),,,,,,,55,125.80,,
2020-12-26 12:51 (EST),On Demand,Olivia Amato,5,Cycling,Low Impact,5 min Warm Up Ride,2020-07-20 09:00 (EST),40,136,37%,98,18.05,1.49,60,133.18,,
2020-12-26 12:57 (EST),On Demand,Olivia Amato,10,Strength,Arms & Light Weights,10 min Arms Toning,2020-10-19 06:39 (EST),,,,,,,97,117.53,,
2020-12-27 10:23 (EST),On Demand,Ben Alldis,20,Strength,Bodyweight,20 min The Beatles Bodyweight Strength,2020-12-25 04:00 (EST),,,,,,,130,,,
2020-12-27 10:47 (EST),On Demand,Olivia Amato,10,Strength,Upper Body,10 min Arms & Shoulders Strength,2020-08-04 10:00 (EST),,,,,,,65,,,
2020-12-28 10:42 (EST),On Demand,Emma Lovewell,20,Strength,Pilates,20 min Pilates,2020-12-16 09:00 (EST),,,,,,,130,,,
2020-12-28 11:06 (EST),On Demand,Olivia Amato,10,Stretching,Full Body Stretch,10 min Full Body Stretch,2020-09-05 10:00 (EST),,,,,,,33,,,
2020-12-28 16:29 (EST),On Demand,Ross Rayburn,10,Meditation,Mindfulness,10 min Seasonal Meditation,2020-12-11 09:38 (EST),,,,,,,,,,
2020-12-29 10:24 (EST),On Demand,Jess Sims,20,Strength,Bodyweight,20 min Year of Yes Bodyweight Strength,2020-12-20 09:00 (EST),,,,,,,130,,,
2020-12-29 12:30 (EST),On Demand,Chelsea Jackson Roberts,5,Meditation,Mindfulness,5 min Family Meditation,2020-07-28 10:00 (EST),,,,,,,,,,
2020-12-30 11:52 (EST),On Demand,Kendall Toole,15,Cycling,Low Impact,15 min Low Impact Ride,2020-12-14 12:08 (EST),130,145,44%,83,18.78,4.69,223,150.36,,
2020-12-30 12:09 (EST),On Demand,Kendall Toole,5,Cycling,Low Impact,5 min Cool Down Ride,2020-11-30 09:00 (EST),25,84,42%,63,14.83,1.23,62,134.84,,
2020-12-30 12:15 (EST),On Demand,Kendall Toole,5,Stretching,Pre & Post-Ride Stretch,5 min Post-Ride Stretch,2020-06-08 10:00 (EST),,,,,,,46,115.09,,
2020-12-31 13:02 (EST),On Demand,Olivia Amato,5,Cycling,Low Impact,5 min Warm Up Ride,2020-02-23 07:30 (EST),35,116,37%,92,17.03,1.41,56,127.09,,
2020-12-31 13:09 (EST),On Demand,Olivia Amato,15,Cycling,Intervals,15 min Intro to HIIT Ride,2020-12-23 10:00 (EST),127,142,42%,82,17.90,4.47,225,151.35,,
2020-12-31 13:26 (EST),On Demand,Olivia Amato,5,Stretching,Pre & Post-Ride Stretch,5 min Post-Ride Stretch,2019-12-18 07:00 (EST),,,,,,,52,122.54,,
2021-01-01 10:22 (EST),On Demand,Leanne Hainsby,30,Cycling,Music,30 min Broadway Ride,2019-10-17 13:18 (EST),248,138,45%,77,18.02,9.01,470,155.74,,
2021-01-01 10:53 (EST),On Demand,Olivia Amato,5,Stretching,Pre & Post-Ride Stretch,5 min Post-Ride Stretch,2020-12-21 08:30 (EST),,,,,,,57,129.13,,
2021-01-01 11:00 (EST),On Demand,Ally Love,10,Strength,Arms & Light Weights,10 min Soca Arms Toning,2020-09-05 14:02 (EST),,,,,,,110,125.66,,
2021-01-02 13:02 (EST),On Demand,Emma Lovewell,30,Cycling,Groove,30 min Groove Ride,2020-12-30 15:23 (EST),284,158,50%,74,19.20,9.59,496,161.23,,
2021-01-02 13:34 (EST),On Demand,Emma Lovewell,5,Cycling,Low Impact,5 min Cool Down Ride,2019-08-06 15:20 (EST),17,56,35%,66,12.47,1.04,61,134.28,,
2021-01-02 13:41 (EST),On Demand,Emma Lovewell,5,Stretching,Pre & Post-Ride Stretch,5 min Post-Ride Stretch,2020-01-21 16:31 (EST),,,,,,,56,126.76,,
2021-01-02 13:48 (EST),On Demand,Emma Lovewell,15,Strength,Pilates,15 min Pilates,2020-12-16 09:00 (EST),,,,,,,141,115.68,,
2021-01-03 00:18 (EST),On Demand,Aditi Shah,5,Meditation,Emotions,5 min Gratitude Meditation,2019-11-26 11:25 (EST),,,,,,,,,,
2021-01-03 11:37 (EST),On Demand,Jess King,45,Cycling,Theme,45 min JKE: New Years Eve Special,2020-12-31 09:00 (EST),395,146,47%,75,18.67,14.00,719,157.64,,
2021-01-03 12:23 (EST),On Demand,Jess King,5,Cycling,Low Impact,5 min Cool Down Ride,2020-12-30 09:00 (EST),15,51,33%,65,11.95,0.99,62,135.47,,
2021-01-03 12:30 (EST),On Demand,Jess King,5,Stretching,Pre & Post-Ride Stretch,5 min Post-Ride Stretch,2019-10-23 16:28 (EST),,,,,,,55,125.39,,
2021-01-03 12:37 (EST),On Demand,Olivia Amato,5,Strength,Core,5 min Core Strength,2020-11-18 08:57 (EST),,,,,,,45,112.63,,
2021-01-04 13:16 (EST),On Demand,Olivia Amato,15,Cycling,Music,15 min Pop Ride,2020-12-21 06:38 (EST),160,178,50%,76,19.99,4.99,264,168.16,,
2021-01-04 13:33 (EST),On Demand,Olivia Amato,5,Stretching,Pre & Post-Ride Stretch,5 min Post-Ride Stretch,2020-12-21 08:30 (EST),,,,,,,55,125.82,,
2021-01-04 13:42 (EST),On Demand,Olivia Amato,10,Strength,Upper Body,10 min Arms & Shoulders Strength,2020-02-11 08:31 (EST),,,,,,,125,135.12,,
2021-01-05 09:49 (EST),On Demand,Adrian Williams,20,Strength,Full Body,20 min Year of Yes Full Body Strength,2020-12-29 08:30 (EST),,,,,,,130,,,
2021-01-05 23:47 (EST),On Demand,Aditi Shah,10,Meditation,Emotions,10 min Gratitude Meditation,2020-04-02 14:17 (EST),,,,,,,,,,
2021-01-06 11:42 (EST),On Demand,Jess Sims,20,Strength,Bodyweight,20 min Year of Yes Bodyweight Strength,2020-12-21 10:00 (EST),,,,,,,207,122.00,,
2021-01-06 12:06 (EST),On Demand,Olivia Amato,15,Cycling,Music,15 min New Tracks Ride,2020-09-08 08:38 (EST),160,178,52%,72,19.89,4.97,265,168.74,,
2021-01-06 12:23 (EST),On Demand,Olivia Amato,5,Stretching,Pre & Post-Ride Stretch,5 min Post-Ride Stretch,2020-12-21 08:30 (EST),,,,,,,56,126.83,,
2021-01-07 00:02 (EST),On Demand,Chelsea Jackson Roberts,5,Meditation,Mindfulness,5 min Family Meditation,2020-12-22 16:33 (EST),,,,,,,,,,
2021-01-07 13:20 (EST),On Demand,Kendall Toole,30,Cycling,Music,30 min Power Hour with Deadmau5 Ride,2020-08-30 12:56 (EST),259,144,47%,73,18.21,9.10,472,156.17,,
2021-01-07 13:52 (EST),On Demand,Kendall Toole,5,Stretching,Pre & Post-Ride Stretch,5 min Post-Ride Stretch,2019-10-15 16:00 (EST),,,,,,,56,127.30,,
2021-01-07 14:04 (EST),On Demand,Olivia Amato,5,Strength,Warm Up,5 min Core Strength Warm Up,2020-08-17 10:00 (EST),,,,,,,47,115.98,,
2021-01-07 16:39 (EST),On Demand,Chelsea Jackson Roberts,10,Meditation,Mindfulness,10 min Year of Yes Meditation,2020-12-14 18:36 (EST),,,,,,,,,,
2021-01-07 23:54 (EST),On Demand,Ross Rayburn,10,Meditation,Audio Only,10 min Sleep Meditation,2020-12-28 10:00 (EST),,,,,,,,,,
2021-01-08 11:42 (EST),On Demand,Christine D'Ercole,45,Cycling,Music,45 min 80s Ride,2018-05-06 12:47 (EST),329,122,43%,78,17.50,13.12,594,139.94,,
2021-01-08 12:28 (EST),On Demand,Christine D'Ercole,5,Stretching,Pre & Post-Ride Stretch,5 min Post-Ride Stretch,2020-07-21 09:00 (EST),,,,,,,45,113.25,,
2021-01-08 12:37 (EST),On Demand,Emma Lovewell,10,Strength,Core,10 min Elvis Remix Core Strength,2020-12-29 19:00 (EST),,,,,,,83,108.61,,
2021-01-08 16:31 (EST),On Demand,Chelsea Jackson Roberts,10,Meditation,Mindfulness,10 min Year of Yes Meditation,2020-12-22 18:38 (EST),,,,,,,,,,
2021-01-09 10:00 (EST),On Demand,Olivia Amato,30,Cycling,Theme,30 min Pride Ride,2019-06-18 16:19 (EST),285,159,47%,78,19.28,9.64,516,165.61,,
2021-01-09 10:32 (EST),On Demand,Olivia Amato,10,Cycling,Low Impact,10 min Cool Down Ride,2019-08-27 17:01 (EST),34,56,35%,64,12.55,2.09,126,135.75,,
2021-01-09 10:45 (EST),On Demand,Olivia Amato,5,Stretching,Pre & Post-Ride Stretch,5 min Post-Ride Stretch,2019-12-18 07:00 (EST),,,,,,,52,122.38,,
2021-01-09 10:53 (EST),On Demand,Olivia Amato,5,Strength,Core,5 min Core Strength,2020-11-18 08:57 (EST),,,,,,,41,107.57,,
2021-01-10 14:33 (EST),On Demand,Olivia Amato,10,Strength,Bodyweight,10 min Bodyweight Strength,2020-09-16 07:37 (EST),,,,,,,114,128.55,,
2021-01-10 14:46 (EST),On Demand,Irene Scholz,20,Cycling,Theme,20 min Unity Ride,2020-10-03 07:30 (EST),158,131,43%,82,18.01,5.99,284,146.45,,
2021-01-10 15:10 (EST),On Demand,Becs Gentry,10,Stretching,Full Body Stretch,10 min Full Body Stretch,2020-07-22 10:00 (EST),,,,,,,81,106.98,,
2021-01-11 00:09 (EST),On Demand,Anna Greenberg,10,Meditation,Relax & Sleep,10 min Sleep Meditation,2020-12-27 09:00 (EST),,,,,,,,,,
2021-01-11 12:38 (EST),On Demand,Ben Alldis,20,Cycling,Theme,20 min UK Celebration Ride,2019-09-24 13:20 (EST),172,151,46%,80,18.83,5.96,285,151.51,,
2021-01-11 12:59 (EST),On Demand,Ben Alldis,5,Stretching,Pre & Post-Ride Stretch,5 min Post-Ride Stretch,2020-12-11 01:45 (EST),,,,,,,50,120.04,,
2021-01-11 13:07 (EST),On Demand,Ben Alldis,10,Strength,Upper Body,10 min Remix Arms & Shoulders Strength,2020-12-29 19:00 (EST),,,,,,,111,126.20,,
2021-01-11 23:01 (EST),On Demand,Ross Rayburn,15,Meditation,Relax & Sleep,15 min Sleep Meditation,2021-01-03 09:00 (EST),,,,,,,,,,
2021-01-12 13:35 (EST),On Demand,Chelsea Jackson Roberts,10,Meditation,Mindfulness,10 min Year of Yes Meditation,2020-12-28 10:00 (EST),,,,,,,,,,
2021-01-13 11:47 (EST),On Demand,Matty Maggiacomo,5,Strength,Warm Up,5 min Full Body Warm Up,2020-10-04 10:00 (EST),,,,,,,45,112.99,,
2021-01-13 11:55 (EST),On Demand,Alex Toussaint,30,Cycling,Music,30 min Motown Ride,2019-02-23 14:34 (EST),257,143,46%,78,18.57,9.28,460,153.49,,
2021-01-13 12:27 (EST),On Demand,Alex Toussaint,5,Cycling,Low Impact,5 min Cool Down Ride,2019-10-03 15:39 (EST),27,89,41%,69,15.27,1.27,65,139.13,,
2021-01-13 12:33 (EST),On Demand,Robin Arzon,10,Stretching,Full Body Stretch,10 min Year of Yes Full Body Stretch,2021-01-07 16:16 (EST),,,,,,,92,114.87,,
2021-01-13 23:45 (EST),On Demand,Kristin McGee,15,Meditation,Relax & Sleep,15 min Sleep Meditation,2020-10-29 10:00 (EST),,,,,,,,,,
2021-01-14 08:46 (EST),Live,Ross Rayburn,10,Meditation,Emotions,10 min Energizing Meditation,2021-01-14 08:36 (EST),,,,,,,,,,
2021-01-14 09:25 (EST),On Demand,Erik Jager,10,Strength,Arms & Light Weights,10 min Arms Toning,2020-07-21 12:31 (EST),,,,,,,71,101.12,,
2021-01-14 09:37 (EST),On Demand,Cliff Dwenger,10,Cycling,Low Impact,10 min Low Impact Ride,2021-01-12 01:22 (EST),70,116,44%,73,17.09,2.85,124,134.59,,
2021-01-14 23:53 (EST),On Demand,Cody Rigsby,10,Meditation,Relax & Sleep,10 min Calming Meditation,2021-01-12 10:00 (EST),,,,,,,,,,
2021-01-15 10:58 (EST),On Demand,Hannah Corbin,30,Cycling,Music,30 min Shakira Ride,2019-09-19 19:19 (EST),274,152,47%,77,18.92,9.46,474,156.50,,
2021-01-15 11:31 (EST),On Demand,Hannah Corbin,5,Stretching,Pre & Post-Ride Stretch,5 min Post-Ride Stretch,2020-01-12 14:30 (EST),,,,,,,55,126.15,,
2021-01-15 11:39 (EST),On Demand,Hannah Corbin,10,Strength,Pilates,10 min Pilates,2020-12-16 09:00 (EST),,,,,,,88,111.59,,
2021-01-16 15:42 (EST),On Demand,Jenn Sherman,10,Cycling,Low Impact,10 min Low Impact Ride,2020-12-28 09:33 (EST),85,141,43%,83,18.52,3.09,144,147.15,,
2021-01-16 15:56 (EST),On Demand,Erik Jager,10,Strength,Bodyweight,10 min Bodyweight Strength,2021-01-10 10:15 (EST),,,,,,,122,133.27,,
2021-01-16 16:07 (EST),On Demand,Selena Samuela,10,Stretching,Full Body Stretch,10 min AHM Celebration: Full Body,2020-05-26 13:30 (EST),,,,,,,85,108.87,,
2021-01-16 22:39 (EST),On Demand,Chelsea Jackson Roberts,10,Meditation,Mindfulness,10 min Family Meditation,2021-01-07 11:43 (EST),,,,,,,,,,
2021-01-17 08:00 (EST),Live,Olivia Amato,45,Cycling,Intervals,45 min Intervals & Arms Ride,2021-01-17 07:53 (EST),396,147,46%,75,18.34,13.76,809,170.48,,
2021-01-17 08:48 (EST),On Demand,Olivia Amato,10,Cycling,Low Impact,10 min Cool Down Ride,2020-09-28 06:32 (EST),22,37,33%,54,10.28,1.71,124,134.81,,
2021-01-17 09:00 (EST),On Demand,Olivia Amato,10,Stretching,Lower Body Stretch,10 min Glutes & Legs Stretch,2020-01-21 10:32 (EST),,,,,,,106,123.19,,
